,,,,,,
google map url,name,address_full,phone_number,website,rating,category
"https://www.google.fr/maps/place/factory+58/@48.8282168,2.1296247,11z/data=!4m11!1m3!2m2!1ssalle+de+mariage+france!6e1!3m6!1s0x47e66d4cc308b861:0x3e4f16593ec298b6!8m2!3d48.9039575!4d2.4266133!15sChdzYWxsZSBkZSBtYXJpYWdlIGZyYW5jZVoZIhdzYWxsZSBkZSBtYXJpYWdlIGZyYW5jZZIBC2V2ZW50X3ZlbnVlmgEjQ2haRFNVaE5NRzluUzBWSlEwRm5TVVJoTVhaTGRWWkJFQUXgAQD6AQQIABBJ!16s%2Fg%2F11hds0jf5x?entry=ttu&g_ep=EgoyMDI1MDIwOS4wIKXMDSoASAFQAw%3D%3D",factory 58,"12 Rue Gutenberg, 93000 Bobigny, France",+33 1 57 42 10 25,http://factory58.fr/?utm_source=gmb&utm_medium=referral,4.2,Event venue
"https://www.google.fr/maps/search/salle+de+mariage+france/@48.8286511,2.1282493,11z/data=!3m1!4b1?entry=ttu&g_ep=EgoyMDI1MDIwOS4wIKXMDSoASAFQAw%3D%3D",Le Manoir des Cygnes,"Le Manoir des Cygnes, 150 Les Berges de Seine, 91830 Le Coudray-Montceaux, France",+33 6 79 82 97 25,https://lemanoirdescygnes.fr/,"4,1",Wedding venue
,Espace Venise,"Espace Venise, 30 Rte de Groslay, 95200 Sarcelles, France",+33 1 39 90 53 75,https://www.espace-venise.com/,"4,4",Wedding venue
,Glassy Events,"Glassy Events, Rue du Pont des Landes, 78310 Coignières, France",+33 6 47 00 03 19,https://www.glassyevents.fr/,"4,7",Function room facility
,Salle de réception Le Vendome,"Salle de réception Le Vendome, 5 Rue des Chardonnerets, 93290 Tremblay-en-France, France",+33 6 22 56 26 65,,"4,7",Event venue
,Farm Petite Loge,"Farm Petite Loge, La Petite Loge, 77580 La Haute-Maison, France",+33 7 69 80 79 49,https://fermedelapetiteloge.com/fr,"4,5",Event venue
,Espace Eden | Salle de Réception 77 | Salle de réception seine et marne,"Espace Eden | Salle de Réception 77 | Salle de réception seine et marne, 2 Rue de l'Industrie, 77270 Villeparisis, France",+33 6 59 42 60 31,https://salles-eden.fr/,"4,2",Function room facility
,Chateau de Serans,"Chateau de Serans, 60 Grande Rue, 60240 Serans, France",+33 1 34 78 17 73,http://fermedugrandchemin.fr/,"4,7",Event venue
,Priory of Saint Cyr,"Priory of Saint Cyr, 18 Le Ru de Vrou, 77750 Saint-Cyr-sur-Morin, France",+33 1 60 23 84 49,https://prieuresaintcyr.com/?utm_source=GoogleMyBusiness&utm_medium=link&utm_campaign=Site,"4,7",Wedding venue
,ESPACE LANGEVIN,"ESPACE LANGEVIN, 5 bis Ave. Paul Langevin, 95220 Herblay-sur-Seine, France",+33 1 39 95 85 06,,4,Function room facility
,Domaine La Bastide,"Domaine La Bastide, 80 Rue Pierre Curie, 95540 Méry-sur-Oise, France",+33 1 39 32 70 99,http://www.bastide95.com/,"4,8",Function room facility
,Clos du Moulin Neuf,"Clos du Moulin Neuf, Le Moulin Neuf, 78660 Saint-Martin-de-Bréthencourt, France",+33 7 82 89 28 28,http://www.closdumoulinneuf.com/,"4,7",Event venue
,Espace Royal - Salles de Reception,"Espace Royal - Salles de Reception, Métro, Saint Mandé FR, 6 Rue de Valmy, 93100 Montreuil, France",+33 6 22 30 58 84,http://www.espace-royal.fr/,"4,2",Event venue
,factory 58,"factory 58, 12 Rue Gutenberg, 93000 Bobigny, France",+33 1 57 42 10 25,http://factory58.fr/?utm_source=gmb&utm_medium=referral,"4,2",Event venue
,Palais Groupe Salle de Mariage 91,"Palais Groupe Salle de Mariage 91, 2 Rue Jules Guesde, 91130 Ris-Orangis, France",+33 1 89 70 96 03,https://www.palaisgroupe.com/,"4,4",Event venue
,Domaine de la Butte Ronde,"Domaine de la Butte Ronde, La Butte Ronde, 78125 La Boissière-École, France",+33 6 69 09 58 19,https://www.domainedelabutteronde.fr/,"4,7",Event venue
,La Ferme Du Parc,"La Ferme Du Parc, 1 Gr Grande Rue, 91410 Chatignonville, France",+33 6 33 77 15 58,http://www.lafermeduparc.com/?utm_medium=referral&utm_source=gmb&utm_campaign=lnk-gmb,"4,5",Wedding venue
,Castle Vaugrigneuse,"Castle Vaugrigneuse, 11 Rue Héroard, 91640 Vaugrigneuse, France",+33 1 64 59 19 24,https://chateaudevaugrigneuse.com/,"4,8",Function room facility
,La Verrière 91,"La Verrière 91, 3 Rue Marie Marvingt, 91700 Fleury-Mérogis, France",+33 1 79 72 69 66,,"4,1",Function room facility
,LE CLOS DE L'ORANGERIE,"LE CLOS DE L'ORANGERIE, Chemin de Malassis, 78710 Rosny-sur-Seine, France",+33 1 84 76 22 95,https://www.groupeamadeus.com/le-clos-de-lorangerie,"4,2",Event venue
,Domaine du Chateau Verderonne,"Domaine du Chateau Verderonne, 7b Rue du Château, 60140 Verderonne, France",+33 6 59 92 30 55,http://chateau-de-verderonne.fr/,"4,6",Wedding venue
,Reception room THE TULIPS,"Reception room THE TULIPS, 8 Rue des Bâtisseurs, 91560 Crosne, France",+33 6 58 84 21 23,http://www.salleauxtulipes.com/,"4,4",Wedding venue
,Le Carré Marne,"Le Carré Marne, 27 Quai de Bonneuil, 94100 Saint-Maur-des-Fossés, France",+33 1 48 73 19 18,https://carremarne.com/,"4,5",Event venue
,RITZ PLAZZA,"RITZ PLAZZA, 43 Rue Saint-André, 93000 Bobigny, France",+33 7 60 88 75 30,https://www.ritzplazza.fr/,"4,5",Function room facility
,Manoir De La Chapelle Room Receptions Hotel,"Manoir De La Chapelle Room Receptions Hotel, 1 Rte de Sainte-Colombe, 27950 La, France",+33 6 74 96 93 39,http://www.manoirdelachapelle.com/,"4,9",Event venue
,Le Clos du Colombier,"Le Clos du Colombier, Ferme de Malassise, 77610 Fontenay-Trésigny, France",+33 7 62 44 12 12,http://leclosducolombier.com/,"4,6",Function room facility
,La Bastie de la Jonchère,"La Bastie de la Jonchère, La Jonchère, 26300 Beauregard-Baret, France",+33 6 80 75 16 45,https://www.labastiedelajonchere.com/,"4,9",Event venue
,Field La Fauconnière,"Field La Fauconnière, La Fauconnière, 77820 Les Écrennes, France",+33 6 74 31 04 06,https://www.mariages.net/domaine-mariage/domaine-de-la-fauconniere--e232890,"4,9",Function room facility
,Château de Saint-Martin-du-Tertre,"Château de Saint-Martin-du-Tertre, Allée de la Fontaine au Roy, 95270, 95270 Saint-Martin-du-Tertre, France",+33 9 67 25 18 19,http://chateaudesaintmartindutertre.com/,"4,8",Function room facility
,The Golden Edge,"The Golden Edge, 27 Rte de Dourdan, 78730 Sainte-Mesme, France",+33 1 34 83 41 43,http://www.lalisieredoree.fr/,"4,8",Function room facility
,Orangerie du Manoir des Vignes,"Orangerie du Manoir des Vignes, 58 Rue Bernard, 93000 Bobigny, France",+33 6 64 05 92 64,,5,Function room facility
,Le Joyau de la Marne,"Le Joyau de la Marne, 1 Av. de Rigny, 94360 Bry-sur-Marne, France",+33 1 48 81 06 30,https://www.lejoyaudelamarne.com/?utm_medium=referral&utm_source=gmb&utm_campaign=lnk-gmb,4,Caterer
,"La Bella - Wedding Room, Reception","La Bella - Wedding Room, Reception, 16 Rue de Pontault, 77680 Roissy-en-Brie, France",+33 7 61 85 54 94,http://www.salle-labella.com/,"4,3",Event venue
,Le palmier d'or 77 - Location salle de réception mariage traiteur à domicile SEINE-ET-MARNE 77,"Le palmier d'or 77 - Location salle de réception mariage traiteur à domicile SEINE-ET-MARNE 77, 5 Rue Saint-Claude, 77340 Pontault-Combault, France",+33 7 83 94 52 12,,"4,6",Function room facility
,Estate Brunel,"Estate Brunel, 22 sente jean brunel, 95510 Aincourt, France",+33 1 34 78 17 73,http://www.fermedugrandchemin.fr/,"4,5",Banquet hall
,Area Des Clos Vallées Salle De Réceptions,"Area Des Clos Vallées Salle De Réceptions, 7 Rue de la Croisette, 78980 Longnes, France",+33 1 30 42 49 59,http://www.domainedesclosvallees.com/,"4,7",Function room facility
,Domaine de Champigny - Salle de Réception,"Domaine de Champigny - Salle de Réception, Le Domaine de Champigny, RN 36, 77390 Crisenoy, France",+33 1 64 38 89 42,http://www.ledomainedechampigny.com/,"4,5",Function room facility
,Villiers Palace mariage,"Villiers Palace mariage, 12 Av. des Entrepreneurs, 95400 Villiers-le-Bel, France",+33 1 39 90 91 26,,"4,4",Function room facility
,Loca'Salle,"Loca'Salle, 6 Rue de la Palombe, 95610 Éragny, France",+33 1 34 64 11 90,,"4,3",Event venue
,Au Jardin Des Saules,"Au Jardin Des Saules, 48 Rue du Vieux Chemin de Saint-Germain, 95100 Argenteuil, France",+33 1 34 34 04 98,http://www.aujardindessaules.com/,"4,3",Event venue
,Palais 77 | Salle de Mariage,"Palais 77 | Salle de Mariage, 2 Rue des Argiles Vertes, 77130 Saint-Germain-Laval, France",+33 7 63 09 12 12,https://www.palaisgroupe.com/palais-77,"4,5",Function room facility
,Salle de réception Espace La Palombe,"Salle de réception Espace La Palombe, 7 Rue de la Palombe, 95610 Éragny, France",+33 1 80 92 93 13,,"4,1",Event venue
,La Ferme du Roy,"La Ferme du Roy, 4 Grande Rue, 60540 Bornel, France",+33 3 44 08 43 76,http://www.fermeduroy.com/,"4,6",Wedding venue
,Ferme Du Prieuré,"Ferme Du Prieuré, rue de Villepreux, 78590 Rennemoulin, France",+33 6 63 39 14 67,http://www.lafermeduprieure.com/,"4,9",Event venue
,Salle de Réception Mariage Rhône Alpes - Le Château du Sou,"Salle de Réception Mariage Rhône Alpes - Le Château du Sou, Château du Sou, 1539 Rte du Morgon, 69640 Lacenas, France",+33 6 20 53 45 54,http://chateaudusou.com/,"4,6",Wedding venue
,Domaine des Coccinelles,"Domaine des Coccinelles, La Tuilerie, 91470 Angervilliers, France",+33 6 45 96 02 22,https://www.ledomainedescoccinelles.fr/,"4,8",Wedding venue
,LOKUS l SALLE DE RECEPTIONS 77,"LOKUS l SALLE DE RECEPTIONS 77, 2000 Rue Denis Papin, 77550 Réau, France",+33 7 56 92 53 64,https://lokusreceptions.fr/,"4,9",Function room facility
,Area Du Colombier,"Area Du Colombier, 1, Grande Rue Route départementale 981 Beauvais Gisors, 60155 Saint-Léger-en-Bray, France",+33 6 24 34 61 39,http://www.domaineducolombier.com/,"4,6",Wedding venue
,Salle de réception La Scène,"Salle de réception La Scène, 6 Chem. du Bout Large, 78540 Vernouillet, France",+33 6 03 50 00 74,http://lascene78.com/?utm_source=gmb&utm_medium=referral,"4,6",Event venue
,The Lyna Shows,"The Lyna Shows, 23 Rue Léon Geffroy Bat D2, 94400 Vitry-sur-Seine, France",+33 6 64 80 49 61,https://lessalonslyna.com/,"4,1",Event venue
,Le palacio,"Le palacio, 15 Rue Camille Flammarion, 91630 Avrainville, France",+33 1 89 70 19 89,https://www.mariages.net/salle-mariage/le-palacio--e263979,"4,2",Event venue
,Domaine de la Nacelle,"Domaine de la Nacelle, 63 Grande Rue, 60620 Rosoy-en-Multien, France",+33 6 74 17 63 10,http://www.domaine-de-la-nacelle.fr/,"4,7",Event venue
,La Princess Réception,"La Princess Réception, 35 RD 306, 77240 Vert-Saint-Denis, France",+33 1 64 52 30 38,https://www.laprincess-reception.fr/,"4,5",Wedding venue
,Salle LUNE D'OR,"Salle LUNE D'OR, 20 Av. des Courtes Epluches, 91100 Villabé, France",+33 7 88 83 88 82,http://www.lunedor.net/,"4,5",Wedding venue
,Le Pavillon de la Marne,"Le Pavillon de la Marne, 2 Av. du Baron Louis, 93160 Noisy-le-Grand, France",+33 6 74 76 50 42,,"4,7",Function room facility
,Château La Hitte,"Château La Hitte, Château La Hitte 973 route d'Agen, 47230 Lavardac, France",+33 7 82 57 70 70,http://www.chateaulahitte.fr/,"4,8",Banquet hall
,Ferme de Beauvais,"Ferme de Beauvais, La Ferme de Beauvais, 91150 Morigny-Champigny, France",+33 6 14 56 22 34,http://www.fermedebeauvais91.com/,"4,7",Function room facility
,Domaine De La Vallée Aux Pages,"Domaine De La Vallée Aux Pages, 02 Rue de la Vallée, 78660 Paray-Douaville, France",+33 1 30 59 04 54,http://www.vallee-aux-pages.com/,"4,6",Wedding venue
,Pavillon Royal,"Pavillon Royal, Carrefour du bout des lacs, 1 Rte de la Muette à Neuilly, 75116 Paris, France",+33 1 58 01 11 11,http://www.pavillon-royal.paris/,"4,4",Function room facility
,Area Two Tours,"Area Two Tours, 5201 N20, 91150 Morigny-Champigny, France",+33 6 98 00 17 78,http://www.domainedesdeuxtours.com/,5,Wedding venue
,Salle Mélodie,"Salle Mélodie, 5 Av. de la Résistance, 93240 Stains, France",+33 6 72 09 37 57,https://instagram.com/sallemelodie,"4,5",Function room facility
,LA GRANGE DU MESNIL VARIN,"LA GRANGE DU MESNIL VARIN, 204 Le Mesnil Varin, 76480 Saint-Paër, France",+33 6 59 31 60 05,https://lagrangedumesnilvarin.com/,"4,6",Event venue
,Victoria Park,"Victoria Park, 5 bis Bd des Astronautes, 93160 Noisy-le-Grand, France",+33 6 78 96 24 60,,"4,6",Event venue
,Ferme du silo - Location de salle réception (Seine et Marne),"Ferme du silo - Location de salle réception (Seine et Marne), route de, La Bourgognerie, 77220 Tournan-en-Brie, France",+33 6 13 42 36 74,https://www.mariages.net/salle-mariage/la-ferme-du-silo--e154782?cmp=ADW-SEM-DSA-Salle-Premium&gclid=CjwKCAjw9qiTBhBbEiwAp-GE0TyR6VFQB2KYhlN7v6Wo-WcPQ50KZL7WMpZM5hs_dPKwNpnxQxb9NhoCBnYQAvD_BwE,"4,3",Event venue
,La Ferme du Bois aux Dames - Salle de reception 77,"La Ferme du Bois aux Dames - Salle de reception 77, Ferme du bois aux dames, 77650 Soisy-Bouy, France",+33 7 88 22 99 13,https://www.lafermeduboisauxdames.fr/,"4,9",Function room facility
,Manoir Foulons,"Manoir Foulons, 1 Chem. des Foulons, 78790 Rosay, France",+33 1 34 76 36 46,http://manoirdesfoulons.com/,"4,8",Function room facility
,"Location de salle, salle de mariage, Royal Riaz 77","Location de salle, salle de mariage, Royal Riaz 77, 15 All. Jean Image, 77200 Torcy, France",+33 7 50 03 29 66,http://www.royalriaz.fr/,"4,4",Function room facility
,Area Du Marais,"Area Du Marais, 13 Chem. du Marais, 91720 Maisse, France",+33 6 22 61 16 44,https://domainedumarais91.fr/,"4,8",Function room facility
,La Grange des Mollières,"La Grange des Mollières, Chem. des Molières, 78270 La Villeneuve-en-Chevrie, France",+33 1 34 76 14 69,http://www.lagrangedesmollieres.fr/,"4,3",Event venue
,La Bella Vita,"La Bella Vita, 3 Pl. Jules Froelinger, 91200 Athis-Mons, France",+33 1 60 48 08 48,https://www.la-bella-vita.fr/,"4,2",Function room facility
,Cristal 91,"Cristal 91, 14 Rue Gustave Madiot, 91070 Bondoufle, France",+33 1 89 70 96 03,http://www.palaisgroupe.com/,"4,4",Event venue
,Moulin de Moulignon,"Moulin de Moulignon, Moulin De Moulignon, 77410 Messy, France",+33 1 60 26 03 59,http://www.moulindemoulignon.fr/,4,Event venue
,La Rose 77 | Événementiel (77),"La Rose 77 | Événementiel (77), 43 Route Nationale 7 lieu dit ferme de la folie, 77310, 77310 Boissise-le-Roi, France",+33 6 52 18 90 90,https://larose77.fr/,"4,6",Event venue
,La drille au bord de l'eau : Salle de mariage atypique champêtre cérémonie laïque gîte scierie Alsace,"La drille au bord de l'eau : Salle de mariage atypique champêtre cérémonie laïque gîte scierie Alsace, La drille, 1 Rue de la Drille, 67130 Wisches, France",,http://mariage-atypique.fr/,"4,6",Event venue
,Le Manoir Du Thil,"Le Manoir Du Thil, 25 Rue Pierre Langlois, 27150 Le Thil, France",+33 6 37 34 11 90,https://lemanoirduthil.com/,"4,6",Wedding planner
,Domaine de la Muette,"Domaine de la Muette, Lormeteau RD35 route de beauvais, 60240, France",+33 6 86 99 00 61,https://www.domaine-de-la-muette.fr/,"4,7",Event venue
,Ferme du Genièvre,"Ferme du Genièvre, 25 Rue de la Libération, 78660 Prunay-en-Yvelines, France",+33 6 09 94 11 74,http://www.fermedugenievre.com/,"4,7",Function room facility
,FOREST FARM,"FOREST FARM, Forest, 1 Grande Rue, 77390 Chaumes-en-Brie, France",+33 1 64 06 27 35,http://www.fermedeforest.fr/,"4,5",Function room facility
,Château de Lésigny,"Château de Lésigny, Rue de la Croix, 77150 Lésigny, France",+33 6 47 30 62 44,http://www.chateaudelesigny.com/,"4,5",Event venue
,The Royal Wedding,"The Royal Wedding, 45 Rue des Entrepreneurs, 78420 Carrières-sur-Seine, France",+33 1 39 14 12 02,http://www.lesnocesroyales.com/,"4,3",Event venue
,THE ROOM FAUVETTES,"THE ROOM FAUVETTES, 12 Rue de Paris, 95330 Domont, France",+33 6 64 12 59 14,https://www.instagram.com/lhonore.events/?hl=fr,"4,7",Event venue
,The Fiesta & Privilege - Receptions,"The Fiesta & Privilege - Receptions, 2 All. de Dublin, 93320 Les Pavillons-sous-Bois, France",+33 6 15 73 23 51,http://www.sallelafiesta.com/,"4,2",Function room facility
,Domaine Les Aulnois - Salle de réception,"Domaine Les Aulnois - Salle de réception, Rue des Champs, 77120 Beautheil-Saints, France",+33 1 64 03 24 79,http://www.aulnois77.com/,"4,2",Function room facility
,La Bella Argenteuil,"La Bella Argenteuil, 17 Rue Jean-Pierre Timbaud, 95100 Argenteuil, France",+33 6 59 99 79 90,http://www.salle-labella.com/,"4,2",Event venue
,Elysée Mariage,"Elysée Mariage, ZAC La Villette-Aux-Aulnes, 3 Rue Galilée, 77290 Mitry-Mory, France",+33 6 26 86 55 11,http://www.elyseemariage.com/,"4,4",Wedding venue
,Espace Alliance,"Espace Alliance, 5 Rue Galilée Bât 2, 93150 Le Blanc-Mesnil, France",+33 6 21 45 60 44,,"4,1",Function room facility
,La Scena,"La Scena, 8 Av. Henri Barbusse, 93000 Bobigny, France",+33 6 29 48 48 72,http://www.la-scena.fr/,"4,6",Event venue
,Royal Plaza,"Royal Plaza, 223 Rue La Fontaine, 94120 Fontenay-sous-Bois, France",+33 1 48 77 76 13,https://royalplaza.fr/,"4,5",Event venue
,Golden House Salle des Fêtes,"Golden House Salle des Fêtes, 195 Rte de Saint-Leu, 93800 Épinay-sur-Seine, France",+33 6 63 58 81 13,,"4,3",Event venue
,Salle De Récéption Ile De France -La Grand Maison- Salle Mariage-Location De Salle Ile De France,"Salle De Récéption Ile De France -La Grand Maison- Salle Mariage-Location De Salle Ile De France, La Grand-Maison, 77370 Vanvillé, France",+33 1 64 01 63 18,http://www.lagrandmaison.com/,"4,3",Banquet hall
,MOULIN VERT - Salles de Réception en Bords de Marne - Traiteur,"MOULIN VERT - Salles de Réception en Bords de Marne - Traiteur, 103 Chem. de Contre Halage, 94500 Champigny-sur-Marne, France",+33 6 06 82 79 90,http://www.moulin-vert.com/,"4,3",Function room facility
,"Le Château bombon location de salles, mariage, traiteur pour mariage mixte,anniversaires","Le Château bombon location de salles, mariage, traiteur pour mariage mixte,anniversaires, Le Château de Bombon, 77720 Bombon, France",+33 6 88 74 16 23,,"4,4",Event venue
,Location salle 91 - Bondoufle Réception - Palace Event,"Location salle 91 - Bondoufle Réception - Palace Event, 2 Rue des Bordes, 91070 Bondoufle, France",+33 7 69 34 70 16,,"3,8",Wedding venue
,The Garden of Passions,"The Garden of Passions, 902 D8N, 13780 Cuges-les-Pins, France",+33 6 27 86 43 32,http://www.jardindespassions.com/,"4,6",Wedding venue
,Le Jardin D’alya,"Le Jardin D’alya, 11 Rue du Bosquet, 60570 Mortefontaine-en-Thelle, France",+33 6 95 61 20 65,https://www.instagram.com/lejardindalya/?hl=fr,"4,8",Function room facility
,"Château Mariage Oise ""Domaine de Sainte Claire","Château Mariage Oise ""Domaine de Sainte Claire"", 40 Rue de Sainte-Claire, 60350 Berneuil-sur-Aisne, France",+33 3 44 40 26 46,http://domaine-de-sainte-claire.fr/,"4,6",Event venue
,Mary d'Arvigny,"Mary d'Arvigny, All. Edouard Branly, 77550 Moissy-Cramayel, France",+33 6 88 68 49 02,http://www.salle-marydarvigny.fr/,"4,7",Event venue
,La ferme de Vintué,"La ferme de Vintué, 12 Rue des Chênes Rouges, 91580 Étréchy, France",+33 1 69 92 04 63,https://www.fermedevintue.com/,"4,3",Event venue
,Le Château de Nans,"Le Château de Nans, D560, 83860 Nans-les-Pins, France",+33 4 42 18 00 00,http://www.chateaudenans.com/,"4,3",Event venue
,Domaine de la Grangette,"Domaine de la Grangette, route de Villeveyrac, 34530 Montagnac, France",+33 4 67 24 50 92,http://domainedelagrangette.fr/,"4,7",Wedding venue
,La Girafe paris réceptions,"La Girafe paris réceptions, 154 Av. Gallieni, 93170 Bagnolet, France",+33 6 59 31 24 28,,"3,7",Event venue
,Castle Santeny,"Castle Santeny, 2 Rte de Marolles, 94440 Santeny, France",+33 1 43 86 60 56,http://www.chateaudesanteny.com/,"4,7",Event venue
,Le Manège de Saint Cloud,"Le Manège de Saint Cloud, 121bis Rue du Lieutenant Colonel de Montbrison, 92500 Rueil-Malmaison, France",+33 1 47 95 47 95,https://pcc-me.com/le-manege-de-saint-cloud/?utm_source=GBP&utm_medium=site-web,"4,3",Function room facility
,Espace Noisy Le Sec,"Espace Noisy Le Sec, 14 Rue de la Pointe, 93130 Noisy-le-Sec, France",+33 6 17 51 01 01,,"3,9",Function room facility
,Chateau d'Amécourt:Séminaire réunion salle mariage réception location château gite de groupe Eure,"Chateau d'Amécourt:Séminaire réunion salle mariage réception location château gite de groupe Eure, 2 Rue du Buisson de Bleu, 27140 Amécourt, France",+33 2 32 15 99 67,http://www.chateau-amecourt.com/,"4,6",Event venue
,Moulin de Dampierre,"Moulin de Dampierre, 17 Rue du Maréchal Leclerc, 91650 Saint-Yon, France",,https://www.flovinno.com/moulin-de-dampierre/,"4,5",Function room facility
,Le Domaine d'Euclide,"Le Domaine d'Euclide, 42 Rue de Châtres, 91790 Boissy-sous-Saint-Yon, France",+33 7 44 99 45 12,https://domainedelardoise.fr/,"4,8",Event venue
,Orchidée,"Orchidée, 2 Rue Alexis de Tocqueville, 92160 Antony, France",+33 6 58 50 89 91,https://www.salle-orchidee.fr/,"4,6",Function room facility
,The Domaine de Collen,"The Domaine de Collen, Chemin de Collen, 62170 Lépine, France",+33 6 09 60 90 87,http://www.domainedecollen.fr/,"4,8",Function room facility
,"château de Saint Offenge - Mariages, Séminaires, Maison d'Hôtes","château de Saint Offenge - Mariages, Séminaires, Maison d'Hôtes, 50 Rte Sainte-Euphémie, 73100 Saint-Offenge, France",+33 6 22 00 15 33,https://chateaudesaintoffenge.fr/,"4,3",Wedding venue
,Château Bouffémont,"Château Bouffémont, 8 Rue Léon Giraudeau, 95570 Bouffémont, France",+33 1 39 91 20 94,https://www.chateaubouffemont.com/,"4,5",Event venue
,Field La Mazure,"Field La Mazure, La Fringale, La Masure, 77640 Jouarre, France",+33 1 60 22 88 69,http://www.domainedelamazure.fr/,"4,7",Event venue
,Manoir De Randrecard,"Manoir De Randrecard, Randrecard, 56250 Treffléan, France",+33 2 97 66 41 14,https://fr-fr.facebook.com/Manoir-de-Randrecard-738898759466788/,"4,6",Wedding venue
,Les Salons Emirates,"Les Salons Emirates, 146 Rue Léon Geffroy, 94400 Vitry-sur-Seine, France",+33 6 20 51 58 07,https://www.orientalement.com/66-mega-reveillon-algerien-grande-soiree-rai-reveillon-2023-31-decembre-2023-94-val-de-marne,4,Wedding venue
,Area Des Bayettes,"Area Des Bayettes, 10 Rte nationale, 78980 Mondreville, France",+33 6 71 46 55 03,http://www.domainedesbayettes.com/,"4,8",Wedding venue
,Chateau de la Chapelle des Bois,"Chateau de la Chapelle des Bois, 69820 Fleurie, France",+33 4 74 04 10 29,http://www.chateaudelachapelledesbois.fr/,"4,4",Event venue
,Les Salons Beauchamp,"Les Salons Beauchamp, 3 Rue Denis Papin, 95250 Beauchamp, France",+33 6 61 81 10 10,,"4,3",Event venue
,Le Paradise 77 | salle de réception 77 | salle de mariage Meaux 77,"Le Paradise 77 | salle de réception 77 | salle de mariage Meaux 77, 5 Av. Fridingen, 77100 Nanteuil-lès-Meaux, France",+33 7 82 82 15 82,https://www.instagram.com/le_paradise77/,"4,6",Function room facility
,Field The Edge Of The Bois,"Field The Edge Of The Bois, D113, 78710 Rosny-sur-Seine, France",+33 1 84 76 22 95,http://www.domainedeloreedubois.com/,"4,5",Wedding venue
,Chateau de Plumasserie,"Chateau de Plumasserie, Rte de Bellefontaine, 77610 Fontenay-Trésigny, France",+33 7 60 90 24 11,http://www.plumasserie.fr/,"4,3",Event venue
,Domaine de La Réthorée,"Domaine de La Réthorée, 26 ter La Rethoree, 77120 Giremoutiers, France",+33 6 16 73 42 12,http://www.la-rethoree.com/,"4,5",Banquet hall
,Area Du Bois Saint Mard,"Area Du Bois Saint Mard, 11 Rue du Maréchal Leclerc, 60170 Tracy-le-Val, France",+33 6 01 92 82 97,http://domaineduboissaintmard.fr/,5,Event venue
,Domaine Saint-Pierre,"Domaine Saint-Pierre, Frm de Saint-Pierre, 77890 Gironville, France",+33 6 80 40 86 14,http://www.ledomainesaintpierre.com/,"4,8",Wedding venue
,Salons Varenne,"Salons Varenne, 44 Rue Paul Lafargue, 93160 Noisy-le-Grand, France",+33 1 43 05 94 10,http://www.salonsvarenne.com/,"4,7",Event venue
,La Méridienne,"La Méridienne, 3 BIS Rue du Pont de Baillet, 95560 Montsoult, France",+33 7 49 22 50 31,https://sallelameridienne.fr/,4,Function room facility
,The Manor of My Father,"The Manor of My Father, Frm de la Glazière, 77820 Les Écrennes, France",+33 1 60 69 41 84,https://www.manoirdemonpere.fr/,4,Event venue
,Le domaine du Ruisseau,"Le domaine du Ruisseau, 896 za, La Tuilière, 69510 Thurins, France",+33 6 18 14 64 22,http://domaineduruisseau.com/,"4,5",Function room facility
,Salle Le Diamant,"Salle Le Diamant, 7 Rue Charles François Daubigny, 95870 Bezons, France",+33 7 87 21 57 25,https://m.facebook.com/pages/category/Organization/Salle-Le-Diamant-Bezons-318456478355509/?locale2=fr_FR,"4,6",Event venue
,Le Colombier du Manoir,"Le Colombier du Manoir, lieu-dit, 6 route de Teurteville, Le Manoir, 14710 Mandeville-en-Bessin, France",+33 6 76 21 28 63,http://www.colombier-manoir.com/,"4,8",Wedding venue
,L'étincelle,"L'étincelle, 61 ZA les Quatre Vents, 95650 Boissy-l'Aillerie, France",+33 7 85 27 48 20,,"3,7",Event venue
,La Closerie de Montgermont,"La Closerie de Montgermont, 16 Rue de Montgermont, 77310 Pringy, France",+33 1 64 37 39 68,https://la-closerie-de-montgermont.fr/,"4,7",Wedding venue
,The Orangerie Vatimesnil,"The Orangerie Vatimesnil, 6 Rue du Château hameau de vatimesnil, 27150 Sainte-Marie-de-Vatimesnil, France",+33 6 65 22 20 12,http://www.lorangeriedevatimesnil.com/,"4,5",Event venue
,Le Saphir,"Le Saphir, 47 Rte de Goussainville, 95190 Fontenay-en-Parisis, France",+33 6 20 25 46 76,http://www.facebook.com/Salle%20LE%20Saphir,"3,9",Wedding venue
,Salon La Belle Alliance,"Salon La Belle Alliance, 5 Rue Charles Michels, 95100 Argenteuil, France",+33 1 34 10 19 97,https://www.instagram.com/labellealliance95100/?hl=en,4,Festival hall
,Manoir de Tigeaux,"Manoir de Tigeaux, 60 D20, 77163 Tigeaux, France",+33 6 52 76 78 46,https://manoirtigeaux.fr/,"4,2",Function room facility
,domaine des 3 voyages,"domaine des 3 voyages, 7 Rue de Pacy, 27640 Merey, France",+33 6 32 09 82 15,http://www.domainedes3voyages.fr/,"4,9",Event venue
,Sen Sabai Salle de Réception,"Sen Sabai Salle de Réception, 6 bis Rue de la Noue Guimante, 77400 Saint-Thibault-des-Vignes, France",+33 7 82 90 66 65,https://www.sensabai.fr/,"4,9",Event venue
,Domaine des Trois Chevaliers,"Domaine des Trois Chevaliers, 61300 Saint-Michel-Tubœuf, France",+33 6 37 20 42 17,http://domainetroischevaliers.fr/,"4,9",Event venue
,Les Salons Hoche,"Les Salons Hoche, 9 Av. Hoche, 75008 Paris, France",+33 1 53 53 93 93,http://www.salons-hoche.fr/,"4,4",Event venue
,The Marolles Garden,"The Marolles Garden, 2 Rue du Vallon, 94440 Marolles-en-Brie, France",+33 6 12 93 90 18,https://lejardindemarolles.fr/,"4,3",Event venue
,Domaine du Petit Varennes,"Domaine du Petit Varennes, 62 Rue du Mal Leclerc, 89140 Serbonnes, France",+33 7 84 56 63 99,https://www.domainedupetitvarennes.fr/,"4,8",Event venue
,Salle Neila Maya,"Salle Neila Maya, 43 Rue Léon Jouhaux, 78500 Sartrouville, France",+33 6 18 51 18 49,https://www.instagram.com/salle.neilamaya/,"4,5",Event venue
,"Le Corps de Garde: location salle de réception, mariages, séminaire, cérémonie laïque (Oise 60)","Le Corps de Garde: location salle de réception, mariages, séminaire, cérémonie laïque (Oise 60), 4 Rue Driard, 60530 Neuilly-en-Thelle, France",+33 3 44 26 72 26,http://www.corpsdegarde.fr/,"4,5",Wedding venue
,Salle de réception/mariage/Mauperthuis Event,"Salle de réception/mariage/Mauperthuis Event, Frm de Mauperthuis, 77130 Forges, France",+33 7 45 14 11 84,,"4,9",Function room facility
,Château du Deffay - Mariages et Chambres d'hôtes,"Château du Deffay - Mariages et Chambres d'hôtes, 44160 Sainte-Reine-de-Bretagne, France",+33 6 15 78 01 90,https://www.chateaududeffay.com/,"4,6",Wedding venue
,Salle de Réception Matecaña,"Salle de Réception Matecaña, 211-213, Rue Paul et Camille Thomoux, 93330 Neuilly-sur-Marne, France",+33 6 65 29 71 34,https://www.matecana.fr/,"4,7",Event venue
,le Moulin de Mourette,"le Moulin de Mourette, 88 Av. de Rebais, 77260 La Ferté-sous-Jouarre, France",+33 6 98 16 65 89,http://moulindemourette.fr/,"4,6",Event venue
,Location de salles Le Val Sarah,"Location de salles Le Val Sarah, 376 Beaulieu, 76480 Bardouville, France",+33 6 61 87 09 79,http://www.le-val-sarah.com/,"4,7",Function room facility
,Berfin Réception,"Berfin Réception, 18 Rue Edouard Aubert, 91700 Fleury-Mérogis, France",+33 6 68 18 25 12,https://berfinreception.fr/,"4,2",Event venue
,The House Plenitude,"The House Plenitude, Zone Artisanale La Barthaliere, 84800 L'Isle-sur-la-Sorgue, France",+33 6 20 77 83 28,https://www.facebook.com/La-Maison-Pl%C3%A9nitude-location-de-salle-de-r%C3%A9ceptions-185938544805963/,"4,4",Event venue
,Domaine de la Rigalière,"Domaine de la Rigalière, 48 Le Plessis Salo, 85310 Rives de l'Yon, France",+33 6 52 52 93 05,,"4,8",Function room facility
,Salle la perle Sarcelles,"Salle la perle Sarcelles, 12 place de France, 95200 Sarcelles, France",+33 7 63 96 20 04,,3,Function room facility
,Le Trèfle Orangerie,"Le Trèfle Orangerie, Rte de Dourdan, 78730 Sainte-Mesme, France",+33 6 52 75 88 36,https://letrefleorangerie.fr/,"4,1",Event venue
,Ulysse Salles,"Ulysse Salles, 11 Av. Clément Ader, 77610 Fontenay-Trésigny, France",+33 6 64 80 54 78,https://ulyssespace.site/,4,Function room facility
,Salle Pierre Mendès France,"Salle Pierre Mendès France, 77280 Othis, France",,,"4,3",Event venue
,BARN GALLERY SPACE,"BARN GALLERY SPACE, 24 Rue de Chevreuse, 78720 Dampierre-en-Yvelines, France",+33 6 77 39 98 52,http://www.moulinduchateau.com/,"4,5",Function room facility
,Mise en Seine - Salle de Réception en Normandie,"Mise en Seine - Salle de Réception en Normandie, Parc d'activité de la peupleraie, 76490, France",+33 6 29 52 05 33,https://mise-en-seine.fr/,"4,6",Function room facility
,Salle de Réception Le Prestige,"Salle de Réception Le Prestige, 9 Rue Charles François Daubigny, 95870 Bezons, France",+33 7 87 21 57 25,https://m.facebook.com/Salle-Des-F%C3%AAtes-Le-Prestige-179366692219714/?ref=bookmarks,"4,6",Event venue
,La Palmeraie,"La Palmeraie, 20 Rue du Colonel Pierre Avia, 75015 Paris, France",+33 1 44 26 01 00,http://www.lapalmeraie.paris/,4,Event venue
,Event'3 Salle de réception,"Event'3 Salle de réception, 23 Gd Rue de Villemeuneux, 77170 Brie-Comte-Robert, France",+33 6 66 37 52 72,,"4,5",Event venue
,La Tonnelle,"La Tonnelle, 12 Rue Victor Hugo, 95200 Sarcelles, France",+33 1 39 94 94 99,,"3,9",Banquet hall
,La Grange de Montmartre,"La Grange de Montmartre, 4 bis Rue de Meaux, 60810 Barbery, France",+33 3 44 54 41 11,http://www.lagrangedemontmartre.com/,"3,9",Event venue
,Auberge du Port,"Auberge du Port, 14 Quai Boubou Dado, 78780 Maurecourt, France",+33 6 60 13 80 36,https://edenevents.fr/edenevents,"4,2",Function room facility
,Green Diamond,"Green Diamond, 56 Rue Clément et Lucien Matheron, 95190 Goussainville, France",+33 6 82 80 31 73,https://www.facebook.com/DIAMANTVERTSALLE/,"4,1",Event venue
,Domaine Fon de Rey,"Domaine Fon de Rey, Av. de Pézenas, 34810 Pomérols, France",+33 4 67 77 08 56,http://www.domainefonderey.fr/,"4,6",Event venue
,Chateau de Bourguignon,"Chateau de Bourguignon, Château de bourguignon, Rue de Montereau, 77370 Fontains, France",+33 1 89 70 77 16,http://www.chateaudebourguignon.fr/,4,Event venue
,Château de Beaulieu sur Seine - Trévisan Sylvain,"Château de Beaulieu sur Seine - Trévisan Sylvain, 1462 Rue de Seine, 77350 Boissise-la-Bertrand, France",+33 6 89 16 51 63,,"4,1",Event venue
,Salle polyvalente de Gouville Val d'Iton,"Salle polyvalente de Gouville Val d'Iton, 27240 Mesnils-sur-Iton, France",,http://mairie.gouville.free.fr/,"4,3",Event venue
,Le Prieuré De Vernelle,"Le Prieuré De Vernelle, Le Prieuré de Vernelle, Rte d'Évry, 77166, France",+33 6 08 25 35 30,http://www.vernelle.fr/,"4,1",Event venue
,The Stable of Véronge,"The Stable of Véronge, Étable de Véronge, 4, 77320 La Chapelle-Moutils, France",+33 6 09 65 62 73,http://www.etabledeveronge.com/,"4,7",Event venue
,Domaine du patis,"Domaine du patis, 27140 Amécourt, France",+33 6 89 54 09 01,https://ledomainedupatis.fr/,"4,4",Event venue
,Loft Privé,"Loft Privé, Porte Vitrée Centrale, 14 bis Rue du Dr Gosselin, 94230 Cachan, France",+33 6 84 07 57 00,http://www.facebook.com/LoftPrive?utm_source=gmb,"4,5",Event venue
,Château d'Hazeville,"Château d'Hazeville, 95420 Wy-dit-Joli-Village, France",+33 6 14 19 79 30,https://www.hazeville.fr/,"4,7",Event venue
,Le Clos Magnitot,"Le Clos Magnitot, Hameau de Magnitot, 1 rue du Prieuré, 95420 Saint-Gervais, France",+33 6 64 89 87 57,https://closmagnitot.fr/,"4,5",Event venue
,"Salle de Réception, Séminaire, Mariage Val de Marne 94 - Salle C Royal","Salle de Réception, Séminaire, Mariage Val de Marne 94 - Salle C Royal, 23 Rue Léon Geffroy, 94400 Vitry-sur-Seine, France",+33 6 18 58 38 87,,"3,8",Function room facility
,Le Diamant 91,"Le Diamant 91, 01 Rue Henri Dunant, 91800 Bondoufle, France",+33 6 81 53 84 80,,"4,2",Event venue
,Pavillon Dauphine,"Pavillon Dauphine, Pl. du Maréchal de Lattre de Tassigny, 75116 Paris, France",+33 1 44 38 78 68,https://www.saintclair.com/de-beaux-lieux-parisien/decouvrir-le-pavillon-dauphine/,"4,5",Event venue
,Le Bon Temps,"Le Bon Temps, 20 Av. du Bosquet, 95560 Baillet-en-France, France",+33 1 34 69 99 49,https://www.gourmanditreception.com/nos-realisations/,"3,9",Festival hall
,L’Apolline,"L’Apolline, 483 Av. de Sainte-Apolline, 78370 Plaisir, France",+33 6 12 27 88 20,,"4,4",Wedding venue
,Pépic salle de réception,"Pépic salle de réception, 75 Rue des Chardonnerets, 77340 Pontault-Combault, France",+33 6 89 52 03 35,https://pepic.fr/,"4,8",Event venue
,Bona Venture - Domaine des Aulnaies,"Bona Venture - Domaine des Aulnaies, 25 Rue des Moulins, 95510 Amenucourt, France",+33 6 07 29 61 58,https://bona-venture.fr/,"4,9",Function room facility
,La Mavelynière,"La Mavelynière, 17 Rue du Village, 28300 Poisvilliers, France",+33 6 09 58 07 26,https://lamavelyniere.com/,"4,8",Guest house
,Salle l'élégance,"Salle l'élégance, 19 Rue Gutenberg, 91070 Bondoufle, France",,https://instagram.com/lelegance_bondoufle?igshid=YmMyMTA2M2Y=,"4,5",Event venue
,"Château de la Présidente : location de salle, réceptions, mariages","Château de la Présidente : location de salle, réceptions, mariages, Château de la présidente route Toulon, D43, 83170 Brignoles, France",+33 6 99 14 13 77,https://www.chateaudelapresidente.com/,"4,3",Wedding venue
,Salon Gala,"Salon Gala, 8 Rue Fernand Léger, 95480 Pierrelaye, France",+33 7 64 35 95 95,http://www.salongala.fr/,"4,3",Function room facility
,L'olivier,"L'olivier, 10 Av. Ferdinand de Lesseps, 91420 Morangis, France",+33 6 50 83 32 30,https://l-olivier-traiteur.eatbu.com/?lang=fr,"4,6",Festival hall
,Salon Malar,"Salon Malar, 5 Rue Eugène Freyssinet, 77270 Villeparisis, France",+33 6 46 58 04 41,http://www.selvacelebrations.com/,"4,1",Event venue
,La Ferme Champêtre des Carneaux,"La Ferme Champêtre des Carneaux, 43 Rue François Mauriac, 95470 Vémars, France",+33 6 06 89 17 90,http://www.mariagechampetre.net/,"4,9",Event venue
,"Salle Mariage Melun "" Le Hameau de Saveteux","Salle Mariage Melun "" Le Hameau de Saveteux"", 6 Rue des Taufiers - Lieu le Hameau de Saveteux, 77820 Le Châtelet-en-Brie, France",,,"4,8",Event venue
,L’instant Gourmand - Salle de Réception avec parc,"L’instant Gourmand - Salle de Réception avec parc, L’instant Gourmand, 271 Chau. Jules César, 95250 Beauchamp, France",+33 6 27 69 53 33,https://www.location-salle-95.com/,"4,3",Function room facility
,El Dorado Palace,"El Dorado Palace, 120 Rue des Madeleines, 77100 Mareuil-lès-Meaux, France",+33 6 95 97 33 03,,"3,7",Function room facility
,Salle des fêtes Pierre Mendès-France,"Salle des fêtes Pierre Mendès-France, 7 Rue Louis Aragon, 60600 Fitz-James, France",+33 3 44 68 20 00,https://www.commune-fitz-james.fr/,"4,1",Event venue
,La Grange aux Boeufs,"La Grange aux Boeufs, Hameau de Givry, 8 Imp. de Givry, 77970 Pécy, France",+33 6 49 80 06 16,http://www.lagrangeauxboeufs.com/,"4,6",Cottage
,Espace Nova,"Espace Nova, 8 Rue Fernand Léger, 95220 Pierrelaye, France",+33 7 64 35 95 95,,"3,5",Event venue
,Vogue Events,"Vogue Events, 3 Av. des Chaumes, 78180 Montigny-le-Bretonneux, France",+33 7 44 80 72 33,https://www.vogue-events.fr/,"4,2",Festival hall
,salle des fêtes de Baillet en France,"salle des fêtes de Baillet en France, 95560 Baillet-en-France, France",,,"4,3",Event venue
,L'Orée du Stade,"L'Orée du Stade, 20 Rue Génin, 93200 Saint-Denis, France",+33 1 49 17 54 91,,"3,5",Function room facility
,Location de salle à Paris - Les Salons Parisiens,"Location de salle à Paris - Les Salons Parisiens, 12 Rue La Fayette, 75009 Paris, France",+33 6 20 51 01 15,https://www.lessalonsparisiens.com/,"4,6",Function room facility
,Palais des Roses - Sasu Traiteur Sassi,"Palais des Roses - Sasu Traiteur Sassi, 328 Rue de Flins, 78410 Bouafle, France",+33 7 61 23 15 15,https://www.traiteur-sassi.fr/,"4,6",Festival hall
,Ferme du soleil,"Ferme du soleil, ferme du soleil, 91710 Vert-le-Petit, France",+33 6 03 45 22 63,http://www.facebook.com/pages/La-Ferme-du-Soleil/428639947212320,"4,4",Function room facility
,Le Moulin De La Maltorne,"Le Moulin De La Maltorne, 1 Chem. des Bergeries, 78125 Mittainville, France",+33 6 32 70 10 47,https://moulindelamaltorne.fr/,5,Wedding venue
,Park Plazza,"Park Plazza, 43 Rue Saint-André, 93000 Bobigny, France",+33 6 64 05 99 19,https://www.alloj.com/fr/location-salle/ritz-plaza-bobigny.html,"4,6",Event venue
,FERME du GRAND HOTEL du BOIS Location chambres d'hôtes salle mariage proche Disneyland Paris Marne La Vallée Seine-et-Marne,"FERME du GRAND HOTEL du BOIS Location chambres d'hôtes salle mariage proche Disneyland Paris Marne La Vallée Seine-et-Marne, Ferme du Grand Hôtel du Bois, 77640 Jouarre, France",+33 6 60 54 81 24,https://www.grandhoteldubois.com/,"4,6",Bed & breakfast
,Le Pavillon Passy,"Le Pavillon Passy, 6 Rue Faustin Hélie, 75116 Paris, France",+33 6 22 15 87 83,http://www.pavillonpassy.fr/,"4,7",Event venue
,1001 Salles - Prestataires événementiels,"1001 Salles - Prestataires événementiels, 11 Rue Maurice Grandcoing, 94200 Ivry-sur-Seine, France",+33 1 78 12 01 60,https://www.1001salles.com/,"4,1",Event management company
,Le Paradis d'Anjelina,"Le Paradis d'Anjelina, 12 Av. de Paris, 91790 Boissy-sous-Saint-Yon, France",+33 6 64 71 60 92,https://www.leparadisanjelina.fr/,"4,6",Event venue
,Gentleman de l’événementiel,"Gentleman de l’événementiel, Zi du paradis, 60240 Bouconvillers, France",+33 6 60 46 84 61,,"3,6",Event venue
,DOR,"DOR, 8 Rue de la Longueraie, 91270 Vigneux-sur-Seine, France",+33 6 87 85 66 31,,"4,9",Event venue
,La Grange du Tertre,"La Grange du Tertre, 4 Rue de l'Église, 77930 Chailly-en-Bière, France",+33 6 21 09 41 03,http://www.salle-mariage.net/,"3,8",Event venue
,Les Jardins du Mas,"Les Jardins du Mas, Mas Sisqueilles Lieu Dit La Salut, 66380 Pia, France",+33 9 74 56 72 50,,"4,4",Event venue
,Chateau Hermitage De Combas,"Chateau Hermitage De Combas, Chateau Hermitage de Combas, 34290 Servian, France",+33 4 67 21 28 78,https://www.hermitagedecombas.com/,"4,4",Hotel
,Le Moulin des Noues,"Le Moulin des Noues, 8 Rue du Moulin des Noués, 91840 Soisy-sur-École, France",+33 6 64 90 64 24,http://www.lemoulindesnoues.fr/,"4,7",Cottage
,Baccara,"Baccara, 61 Rue Saint-André, 93000 Bobigny, France",+33 6 64 05 99 19,,"4,7",Event venue
,Le Pavillon Des Princes,"Le Pavillon Des Princes, 69 Av. de la Prte d'Auteuil, 75016 Paris, France",+33 1 44 96 00 12,https://www.pavillondesprinces.com/,"4,3",Event venue
,STUDIO JENNY,"STUDIO JENNY, 1 Av. Jenny, 92000 Nanterre, France",+33 1 47 84 83 45,http://www.studiojenny.fr/,"4,3",Event venue
,Domaines & événements,"Domaines & événements, 24 Rue du Gouverneur Général Éboué, 92130 Issy-les-Moulineaux, France",+33 1 40 67 67 20,http://www.domainesevenements.com/,"4,3",Event venue
,Le Cristal,"Le Cristal, 4 Av. des Entrepreneurs, 95400 Villiers-le-Bel, France",+33 6 64 95 86 14,http://le-cristal-villiers-le-bel.eatbu.com/,"4,6",Event venue
,Salle des fêtes de Crépy-en-Valois,"Salle des fêtes de Crépy-en-Valois, 25 Rue nationale, 60800 Crépy-en-Valois, France",+33 3 44 59 06 53,,"4,1",Event venue
,Château de Fleury-la-Forêt,"Château de Fleury-la-Forêt, 4 Rte de Lyons, 27480 Fleury-la-Forêt, France",+33 2 32 49 63 91,http://www.chateau-fleury-la-foret.com/,"4,4",Event venue
,Le Domaine du Plessis Luzarches,"Le Domaine du Plessis Luzarches, 4 Rue du Moulin, 95270 Le Plessis-Luzarches, France",+33 6 75 54 98 34,http://www.domaine-du-plessis.com/,"4,9",Event venue
,Le Pavillon d'Elsa,"Le Pavillon d'Elsa, 17 Rue de la Mare Poissy, 95380 Villeron, France",+33 7 62 97 68 04,https://pavillondelsa.com/,"3,6",Function room facility
,Le Diadème Lisses,"Le Diadème Lisses, 22 Rue du Bel air, 91090 Lisses, France",+33 6 77 75 52 01,,"3,4",Event venue
,Grande Salle des 2 Lacs,"Grande Salle des 2 Lacs, 21 Av. des 2 Lacs, 91140 Villejust, France",,,"4,8",Festival hall
,Ferme de la Corde,"Ferme de la Corde, 8 Rue de Saint-Julien, 77150 Férolles-Attilly, France",+33 1 84 80 14 35,https://www.fermedelacorde.com/,"4,3",Function room facility
,Salle des mariages - Salle de la Charte,"Salle des mariages - Salle de la Charte, Bd Résistance et Déportation, 49100 Angers, France",+33 2 41 05 40 00,,5,Wedding venue
,Salle Robillard,"Salle Robillard, Rue de Robillard, Le Châtelet-en-Brie, France, 77820 Le Châtelet-en-Brie, France",+33 1 60 69 40 40,,"3,9",Event venue
,The Place Rooftop,"The Place Rooftop, 58 Rue Bernard, 93000 Bobigny, France",+33 6 64 05 92 64,,"4,6",Festival hall
,Art D'oise Salon Organization Event Marriage Team Building Room Rental Seminar Catering 60 Saint-Maximin,"Art D'oise Salon Organization Event Marriage Team Building Room Rental Seminar Catering 60 Saint-Maximin, 5 Rue Marie Curie, 60740 Saint-Maximin, France",+33 6 10 86 16 37,https://salonartdoise.wixsite.com/location,"3,6",Function room facility
,Salon du Mariage et des évènements de Coulommiers,"Salon du Mariage et des évènements de Coulommiers, 77 Rue du Général Leclerc, 77120 Coulommiers, France",+33 6 88 87 30 36,http://www.4grainsdfolie.fr/,5,Exhibition planner
,Salle Pierre Mondy,"Salle Pierre Mondy, 27940 Le Val-d'Hazey, France",,,"4,5",Festival hall
,Salle Dream Herblay,"Salle Dream Herblay, 423 Rue de Conflans, 95220 Herblay-sur-Seine, France",+33 6 15 02 28 68,,"4,7",Event venue
,Whede : Lieux et salles de mariage,,,https://whede.fr/,5,Wedding service
,Salle l’esterel,"Salle l’esterel, 5 Rue Antoine-Laurent de Lavoisier, 60550 Verneuil-en-Halatte, France",+33 7 82 67 96 65,,"4,2",Event venue
,Espace Chavanne -Salle des fêtes - Mairie,"Espace Chavanne -Salle des fêtes - Mairie, 28630 Morancez, France",,,"4,7",Festival hall
,Le Sillage,"Le Sillage, Chem. de la Tête de Buis, 77340 Pontault-Combault, France",,https://www.1001salles.com/mariage/le-sillage.aspx,"3,6",Festival hall
,View Seine - H10 Rentals,"View Seine - H10 Rentals, Hangar, 10 Quai Ferdinand de Lesseps, 76000 Rouen, France",+33 2 32 10 78 38,http://www.vue-sur-seine.fr/,"4,1",Function room facility
,Cellier Saint Paul,"Cellier Saint Paul, 14 Rue des Jardins Saint-Paul, 75004 Paris, France",+33 6 59 60 11 95,https://www.le-paris-clandestin.fr/,"4,4",Event planner
,Biotiful Traiteur / Salle de réception,"Biotiful Traiteur / Salle de réception, 6 Av. de la Mauldre, 78680 Épône, France",+33 1 30 95 46 62,https://www.biotifultraiteur.fr/location-de-salle,"4,2",Event venue
,La Ferme de l'Avenir,"La Ferme de l'Avenir, Ferme de l'Avenir, 77890 Gironville, France",+33 6 73 18 12 43,http://www.lafermedelavenir.com/,"4,3",Event venue
,Mission Mariage,"Mission Mariage, 74 Rue Dunois, 75013 Paris, France",+33 1 43 64 23 70,https://www.missionmariage.com/,"4,8",Wedding planner
,Fête In France,"Fête In France, 17 Rue du Temple, 75004 Paris, France",+33 1 44 61 54 33,https://feteinfrance.com/,5,Wedding planner
,Salle des Fêtes,"Salle des Fêtes, 10 Rue de Dreux, 28500 Luray, France",+33 2 37 46 51 95,,"3,8",Event venue
,Salle De Cérémonie,"Salle De Cérémonie, 59189 Thiennes, France",,,,Event venue
,La Verrière Insolite,"La Verrière Insolite, 50 Rue Louis Wallon, 60300 Apremont, France",+33 9 72 57 49 72,,"3,4",Event venue
,Salle Prestige,"Salle Prestige, Rue de l'Industrie, 89100 Malay-le-Grand, France",+33 3 86 64 66 66,https://lestroiscolonnes.fr/salle-prestige,,Event venue
,"Salle De Mariage 78 ""La Vallée Aux Pages","Salle De Mariage 78 ""La Vallée Aux Pages"", Rue de la Plaine, 78660 Paray-Douaville, France",+33 6 69 10 36 66,http://www.vallee-aux-pages.com/mariages-receptions/,,Wedding venue
,"Une Salle A Paris (location salle paris, privatisation salle paris)","Une Salle A Paris (location salle paris, privatisation salle paris), 23 Pass. de la Main d'Or, 75011 Paris, France",+33 7 81 29 45 72,https://www.unesalleaparis.com/,"4,9",Event management company
,Location de salle de réception à Paris,"Location de salle de réception à Paris, 4 Rue du Départ, 75015 Paris, France",+33 1 43 35 29 87,,2,Hall
,"Loft Résidence: Villa De Luxe Piscine, Sauna Et Salle De Réception, Mariage Séminaire, Proche Paris, Essonne, Île-De-France","Loft Résidence: Villa De Luxe Piscine, Sauna Et Salle De Réception, Mariage Séminaire, Proche Paris, Essonne, Île-De-France, Rte de Guisseray, 91680 Bruyères-le-Châtel, France",+33 7 66 31 80 07,https://loft-residence.com/,"3,9",Villa
,paris salle: location salle mariage le mans sarthe paris chateau salle ... (article),"paris salle: location salle mariage le mans sarthe paris chateau salle ... (article), 2 Bd Voltaire, 75011 Paris, France",+33 1 43 44 75 19,"http://www.salle-de-conference.fr/sa1/c,k/videolist/location+de+salle+de+reunion+paris,0",,Event venue
,Dom Traiteur Ile De France - Traiteur 77,"Dom Traiteur Ile De France - Traiteur 77, 294C Rte de Ponthierry, 77190 Dammarie-les-Lys, France",+33 1 89 43 02 91,https://www.traiteur77.fr/,"4,6",Caterer
,Wedding in the Air,"Wedding in the Air, 102 Av. des Champs-Élysées, 75008 Paris, France",+33 6 86 74 87 18,http://www.mariagedanslair.fr/,"4,8",Wedding planner
,le grand A,,+33 7 81 80 50 06,https://www.le-grand-a.com/,5,Wedding planner
,Great Weddings in France,"Great Weddings in France, Domaine de Savigny, 58330 Saint-Saulge, France",+33 6 27 45 17 48,http://www.greatweddingsinfrance.com/,5,Wedding planner
,Salle De Cérémonie,"Salle De Cérémonie, 36300 Le Blanc, France",,,,Event venue
,location salle mariage le mans sarthe paris chateau salle,"location salle mariage le mans sarthe paris chateau salle, 3 Rue Saint-Georges, 69005 Lyon, France",+33 1 72 77 32 64,http://www.salle-de-conference.fr/sa1/4/location+reunion.html,,Event venue
,domaine de la tuilerie salle de mariage,"domaine de la tuilerie salle de mariage, 7 Rue de la Tuilerie, 94440 Marolles-en-Brie, France",+33 6 28 47 50 88,,"2,9",Event venue